id,postid,userid,body,commentdate
d2b041ab-0b2b-4cf3-8438-48956aafdce8,6534bfe4-c908-4707-9110-a16c5bafdedc,3cca474a-8d28-4f25-b1bf-abf8d9de5f47,Duis consequat dui nec nisi volutpat eleifend.,2025-01-19 08:44:40
a42824cb-de4c-4d9d-9731-e5965bd94e83,6534bfe4-c908-4707-9110-a16c5bafdedc,aca0d51d-ee4b-4fd8-b420-55e50a5a9397,"Fusce congue, diam id ornare imperdiet, sapien urna pretium nisl, ut volutpat sapien arcu sed augue. Aliquam erat volutpat. In congue. Etiam justo. Etiam pretium iaculis justo. In hac habitasse platea dictumst.",2025-01-18 16:56:43
2c5d072f-e209-4263-9d86-f021d46ab642,8affbd0c-a1f9-4382-9824-4fa376fb6286,3cca474a-8d28-4f25-b1bf-abf8d9de5f47,"Pellentesque ultrices mattis odio. Donec vitae nisi. Nam ultrices, libero non mattis pulvinar, nulla pede ullamcorper augue, a suscipit nulla elit ac nulla. Sed vel enim sit amet nunc viverra dapibus. Nulla suscipit ligula in lacus.",2025-01-18 23:49:16
3f55ce23-de48-4e98-9267-3e07e3418b14,8affbd0c-a1f9-4382-9824-4fa376fb6286,3cca474a-8d28-4f25-b1bf-abf8d9de5f47,Nulla justo. Aliquam quis turpis eget elit sodales scelerisque. Mauris sit amet eros. Suspendisse accumsan tortor quis turpis. Sed ante. Vivamus tortor. Duis mattis egestas metus. Aenean fermentum.,2025-01-21 21:51:57
61df530e-13c9-48d8-8a2d-f22f493f1237,49f3823d-1e3b-4d39-811c-df61299bd5fe,a5c17d8e-2af0-4cb2-80ab-76e08ff9de8f,"Praesent blandit lacinia erat. Vestibulum sed magna at nunc commodo placerat. Praesent blandit. Nam nulla. Integer pede justo, lacinia eget, tincidunt eget, tempus vel, pede. Morbi porttitor lorem id ligula. Suspendisse ornare consequat lectus. In est risus, auctor sed, tristique in, tempus sit amet, sem. Fusce consequat.",2025-01-19 05:31:36
b9c1c7b6-1e3a-4105-aeb7-a73026c26781,79182712-df40-402f-9300-2ad588f71e10,3cca474a-8d28-4f25-b1bf-abf8d9de5f47,"Donec dapibus. Duis at velit eu est congue elementum. In hac habitasse platea dictumst. Morbi vestibulum, velit id pretium iaculis, diam erat fermentum justo, nec condimentum neque sapien placerat ante. Nulla justo.",2025-01-18 00:42:01
31fd140a-ecee-4d7c-a7f6-1cbda5548761,49f3823d-1e3b-4d39-811c-df61299bd5fe,0b9712c5-9c91-4775-82b9-cd7a4ea9c119,"Maecenas tincidunt lacus at velit. Vivamus vel nulla eget eros elementum pellentesque. Quisque porta volutpat erat. Quisque erat eros, viverra eget, congue eget, semper rutrum, nulla. Nunc purus. Phasellus in felis.",2025-01-17 13:14:25
b02ae81f-edf2-443a-abd6-c910224b3f6c,79182712-df40-402f-9300-2ad588f71e10,3cca474a-8d28-4f25-b1bf-abf8d9de5f47,"Pellentesque viverra pede ac diam. Cras pellentesque volutpat dui. Maecenas tristique, est et tempus semper, est quam pharetra magna, ac consequat metus sapien ut nunc. Vestibulum ante ipsum primis in faucibus orci luctus et ultrices posuere cubilia Curae; Mauris viverra diam vitae quam.",2025-01-22 04:14:39
551655d4-68a0-4012-b8fc-5c9c23d1caf1,79182712-df40-402f-9300-2ad588f71e10,ce5045c9-1314-4ee6-9e69-cde077693799,Nulla tellus.,2025-01-19 17:08:26
30a67d43-523a-47c2-aaf9-783c17f7c2cc,6534bfe4-c908-4707-9110-a16c5bafdedc,3cca474a-8d28-4f25-b1bf-abf8d9de5f47,"In hac habitasse platea dictumst. Aliquam augue quam, sollicitudin vitae, consectetuer eget, rutrum at, lorem. Integer tincidunt ante vel ipsum. Praesent blandit lacinia erat. Vestibulum sed magna at nunc commodo placerat. Praesent blandit. Nam nulla.",2025-01-21 17:35:33